{
  "users": [
    {
      "id": 1,
      "email": "demo@framevault.test",
      "password": "demo",
      "name": "Demo Photographer"
    }
  ],
  "albums": [
    {
      "id": "1",
      "title": "Summer Wedding 2024",
      "date": "2024-06-15",
      "coverUrl": "https://picsum.photos/400/300?random=1"
    },
    {
      "id": "2",
      "title": "Corporate Retreat",
      "date": "2024-09-10",
      "coverUrl": "https://picsum.photos/400/300?random=2"
    }
  ],
  "photos": [
    {
      "id": "101",
      "albumId": "1",
      "url": "https://picsum.photos/800/600?random=101",
      "dateAdded": "2024-06-16T10:00:00Z"
    },
    {
      "id": "102",
      "albumId": "1",
      "url": "https://picsum.photos/800/600?random=102",
      "dateAdded": "2024-06-16T10:05:00Z"
    },
    {
      "id": "103",
      "albumId": "2",
      "url": "https://picsum.photos/800/600?random=103",
      "dateAdded": "2024-09-11T09:30:00Z"
    }
  ],
  "shares": []
}